Workbook

Sheet Original_DataSet
A1: Case ID | B1: Activity | C1: Resource | D1: StartTimestamp | E1: CompleteTimestamp | F1: Span | G1: WorkOrderQuantity | H1: PartDescription | I1: Worker ID | J1: QuantityCompleted | K1: QuantityRejected
A2: Case 1 | B2: Turning & Milling - Machine 4 | C2: Machine 4 - Turning & Milling | D2: 2012/01/29 23:24:00.000 | E2: 2012/01/30 05:43:00.000 | F2: 006:19 | G2: 10 | H2: Cable Head | I2: ID4932 | J2: 1 | K2: 0
A3: Case 1 | B3: Turning & Milling - Machine 4 | C3: Machine 4 - Turning & Milling | D3: 2012/01/30 05:44:00.000 | E3: 2012/01/30 06:42:00.000 | F3: 000:58 | G3: 10 | H3: Cable Head | I3: ID4932 | J3: 1 | K3: 0
A4: Case 1 | B4: Turning & Milling - Machine 4 | C4: Machine 4 - Turning & Milling | D4: 2012/01/30 06:59:00.000 | E4: 2012/01/30 07:21:00.000 | F4: 000:22 | G4: 10 | H4: Cable Head | I4: ID4167 | J4: 0 | K4: 0
A5: Case 1 | B5: Turning & Milling - Machine 4 | C5: Machine 4 - Turning & Milling | D5: 2012/01/30 07:21:00.000 | E5: 2012/01/30 10:58:00.000 | F5: 003:37 | G5: 10 | H5: Cable Head | I5: ID4167 | J5: 8 | K5: 0
A6: Case 1 | B6: Turning & Milling Quality Control | C6: Quality Check 1 | D6: 2012/01/31 13:20:00.000 | E6: 2012/01/31 14:50:00.000 | F6: 001:30 | G6: 10 | H6: Cable Head | I6: ID4163 | J6: 9 | K6: 1
A7: Case 1 | B7: Laser Marking - Machine 7 | C7: Machine 7- Laser Marking | D7: 2012/02/01 08:18:00.000 | E7: 2012/02/01 08:27:00.000 | F7: 000:09 | G7: 10 | H7: Cable Head | I7: ID0998 | J7: 9 | K7: 0
A8: Case 1 | B8: Lapping - Machine 1 | C8: Machine 1 - Lapping | D8: 2012/02/14 00:00:00.000 | E8: 2012/02/14 01:15:00.000 | F8: 000:00 | G8: 10 | H8: Cable Head | I8: ID4882 | J8: 0 | K8: 0
A9: Case 1 | B9: Lapping - Machine 1 | C9: Machine 1 - Lapping | D9: 2012/02/14 00:00:00.000 | E9: 2012/02/14 01:15:00.000 | F9: 000:00 | G9: 10 | H9: Cable Head | I9: ID4882 | J9: 0 | K9: 0
A10: Case 1 | B10: Lapping - Machine 1 | C10: Machine 1 - Lapping | D10: 2012/02/14 09:05:00.000 | E10: 2012/02/14 10:20:00.000 | F10: 000:00 | G10: 10 | H10: Cable Head | I10: ID4882 | J10: 1 | K10: 0
A11: Case 1 | B11: Lapping - Machine 1 | C11: Machine 1 - Lapping | D11: 2012/02/14 09:05:00.000 | E11: 2012/02/14 09:38:00.000 | F11: 000:33 | G11: 10 | H11: Cable Head | I11: ID4882 | J11: 8 | K11: 0
A12: Case 1 | B12: Round Grinding - Machine 3 | C12: Machine 3 - Round Grinding | D12: 2012/02/14 09:13:00.000 | E12: 2012/02/14 13:37:00.000 | F12: 004:24 | G12: 10 | H12: Cable Head | I12: ID4445 | J12: 0 | K12: 0
A13: Case 1 | B13: Round Grinding - Machine 3 | C13: Machine 3 - Round Grinding | D13: 2012/02/14 13:37:00.000 | E13: 2012/02/14 15:27:00.000 | F13: 001:50 | G13: 10 | H13: Cable Head | I13: ID4445 | J13: 9 | K13: 0
... A4544: Case 99 | B4544: Packing | C4544: Packing | D4544: 2012/03/30 00:00:00.000 | E4544: 2012/03/30 01:00:00.000 | F4544: 000:00 | G4544: 507 | H4544: Drill | I4544: ID4820 | J4544: 160 | K4544: 0

Sheet Production_Eventlog
A1: Case ID | B1: Activity | C1: Resource | D1: StartTimestamp | E1: CompleteTimestamp | F1: Span | G1: WorkOrderQuantity | H1: PartDescription | I1: Worker ID | J1: QuantityCompleted | K1: QuantityRejected | L1: Will stay?
A2: Case 1 | B2: Turning & Milling | C2: Machine 4 - Turning & Milling | D2: 2012/01/29 23:24:00.000 | E2: 2012/01/30 05:43:00.000 | G2: 10 | H2: Cable Head | I2: ID4932 | J2: 1 | K2: 0 | L2: =1 -> 1
A3: Case 1 | B3: Turning & Milling | C3: Machine 4 - Turning & Milling | D3: 2012/01/30 05:44:00.000 | E3: 2012/01/30 06:42:00.000 | G3: 10 | H3: Cable Head | I3: ID4932 | J3: 1 | K3: 0 | L3: =IF(AND(B3=B2,A3=A2),0,1) -> 0
A4: Case 1 | B4: Turning & Milling | C4: Machine 4 - Turning & Milling | D4: 2012/01/30 06:59:00.000 | E4: 2012/01/30 07:21:00.000 | G4: 10 | H4: Cable Head | I4: ID4167 | J4: 0 | K4: 0 | L4: =IF(AND(B4=B3,A4=A3),0,1) -> 0
A5: Case 1 | B5: Turning & Milling | C5: Machine 4 - Turning & Milling | D5: 2012/01/30 07:21:00.000 | E5: 2012/01/30 10:58:00.000 | G5: 10 | H5: Cable Head | I5: ID4167 | J5: 8 | K5: 0 | L5: =IF(AND(B5=B4,A5=A4),0,1) -> 0
A6: Case 1 | B6: Turning & Milling Quality Control | C6: Quality Check 1 | D6: 2012/01/31 13:20:00.000 | E6: 2012/01/31 14:50:00.000 | G6: 10 | H6: Cable Head | I6: ID4163 | J6: 9 | K6: 1 | L6: =IF(AND(B6=B5,A6=A5),0,1) -> 1
A7: Case 1 | B7: Laser Marking | C7: Machine 7- Laser Marking | D7: 2012/02/01 08:18:00.000 | E7: 2012/02/01 08:27:00.000 | G7: 10 | H7: Cable Head | I7: ID0998 | J7: 9 | K7: 0 | L7: =IF(AND(B7=B6,A7=A6),0,1) -> 1
A8: Case 1 | B8: Lapping | C8: Machine 1 - Lapping | D8: 2012/02/14 00:00:00.000 | E8: 2012/02/14 01:15:00.000 | G8: 10 | H8: Cable Head | I8: ID4882 | J8: 0 | K8: 0 | L8: =IF(AND(B8=B7,A8=A7),0,1) -> 1
A9: Case 1 | B9: Lapping | C9: Machine 1 - Lapping | D9: 2012/02/14 00:00:00.000 | E9: 2012/02/14 01:15:00.000 | G9: 10 | H9: Cable Head | I9: ID4882 | J9: 0 | K9: 0 | L9: =IF(AND(B9=B8,A9=A8),0,1) -> 0
A10: Case 1 | B10: Lapping | C10: Machine 1 - Lapping | D10: 2012/02/14 09:05:00.000 | E10: 2012/02/14 10:20:00.000 | G10: 10 | H10: Cable Head | I10: ID4882 | J10: 1 | K10: 0 | L10: =IF(AND(B10=B9,A10=A9),0,1) -> 0
A11: Case 1 | B11: Lapping | C11: Machine 1 - Lapping | D11: 2012/02/14 09:05:00.000 | E11: 2012/02/14 09:38:00.000 | G11: 10 | H11: Cable Head | I11: ID4882 | J11: 8 | K11: 0 | L11: =IF(AND(B11=B10,A11=A10),0,1) -> 0
A12: Case 1 | B12: Round Grinding | C12: Machine 3 - Round Grinding | D12: 2012/02/14 09:13:00.000 | E12: 2012/02/14 13:37:00.000 | G12: 10 | H12: Cable Head | I12: ID4445 | J12: 0 | K12: 0 | L12: =IF(AND(B12=B11,A12=A11),0,1) -> 1
A13: Case 1 | B13: Round Grinding | C13: Machine 3 - Round Grinding | D13: 2012/02/14 13:37:00.000 | E13: 2012/02/14 15:27:00.000 | G13: 10 | H13: Cable Head | I13: ID4445 | J13: 9 | K13: 0 | L13: =IF(AND(B13=B12,A13=A12),0,1) -> 0
A14: Case 1 | B14: Final Inspection Quality Control | C14: Quality Check 1 | D14: 2012/02/16 06:59:00.000 | E14: 2012/02/16 07:59:00.000 | G14: 10 | H14: Cable Head | I14: ID4493 | J14: 0 | K14: 0 | L14: =IF(AND(B14=B13,A14=A13),0,1) -> 1
... A4544: Case 99 | B4544: Packing | C4544: Packing | D4544: 2012/03/30 00:00:00.000 | E4544: 2012/03/30 01:00:00.000 | G4544: 507 | H4544: Drill | I4544: ID4820 | J4544: 160 | K4544: 0 | L4544: =IF(AND(B4544=B4543,A4544=A4543),0,1) -> 1

Sheet Production_Eventlog_Simp
A1: Case ID | B1: Activity | C1: Resource | D1: WorkOrderQuantity | E1: PartDescription
A2: =IF(Production_Eventlog!$L2=1,Production_Eventlog!A2) -> Case 1 | B2: =IF(Production_Eventlog!$L2=1,Production_Eventlog!B2) -> Turning & Milling | C2: =IF(Production_Eventlog!$L2=1,Production_Eventlog!C2) -> Machine 4 - Turning & Milling | D2: =IF(Production_Eventlog!$L2=1,Production_Eventlog!G2) -> 10 | E2: =IF(Production_Eventlog!$L2=1,Production_Eventlog!H2) -> Cable Head
A3: =IF(Production_Eventlog!$L3=1,Production_Eventlog!A3) -> FALSE | B3: =IF(Production_Eventlog!$L3=1,Production_Eventlog!B3) -> FALSE | C3: =IF(Production_Eventlog!$L3=1,Production_Eventlog!C3) -> FALSE | D3: =IF(Production_Eventlog!$L3=1,Production_Eventlog!G3) -> FALSE | E3: =IF(Production_Eventlog!$L3=1,Production_Eventlog!H3) -> FALSE
A4: =IF(Production_Eventlog!$L4=1,Production_Eventlog!A4) -> FALSE | B4: =IF(Production_Eventlog!$L4=1,Production_Eventlog!B4) -> FALSE | C4: =IF(Production_Eventlog!$L4=1,Production_Eventlog!C4) -> FALSE | D4: =IF(Production_Eventlog!$L4=1,Production_Eventlog!G4) -> FALSE | E4: =IF(Production_Eventlog!$L4=1,Production_Eventlog!H4) -> FALSE
A5: =IF(Production_Eventlog!$L5=1,Production_Eventlog!A5) -> FALSE | B5: =IF(Production_Eventlog!$L5=1,Production_Eventlog!B5) -> FALSE | C5: =IF(Production_Eventlog!$L5=1,Production_Eventlog!C5) -> FALSE | D5: =IF(Production_Eventlog!$L5=1,Production_Eventlog!G5) -> FALSE | E5: =IF(Production_Eventlog!$L5=1,Production_Eventlog!H5) -> FALSE
A6: =IF(Production_Eventlog!$L6=1,Production_Eventlog!A6) -> Case 1 | B6: =IF(Production_Eventlog!$L6=1,Production_Eventlog!B6) -> Turning & Milling Quality Control | C6: =IF(Production_Eventlog!$L6=1,Production_Eventlog!C6) -> Quality Check 1 | D6: =IF(Production_Eventlog!$L6=1,Production_Eventlog!G6) -> 10 | E6: =IF(Production_Eventlog!$L6=1,Production_Eventlog!H6) -> Cable Head
A7: =IF(Production_Eventlog!$L7=1,Production_Eventlog!A7) -> Case 1 | B7: =IF(Production_Eventlog!$L7=1,Production_Eventlog!B7) -> Laser Marking | C7: =IF(Production_Eventlog!$L7=1,Production_Eventlog!C7) -> Machine 7- Laser Marking | D7: =IF(Production_Eventlog!$L7=1,Production_Eventlog!G7) -> 10 | E7: =IF(Production_Eventlog!$L7=1,Production_Eventlog!H7) -> Cable Head
A8: =IF(Production_Eventlog!$L8=1,Production_Eventlog!A8) -> Case 1 | B8: =IF(Production_Eventlog!$L8=1,Production_Eventlog!B8) -> Lapping | C8: =IF(Production_Eventlog!$L8=1,Production_Eventlog!C8) -> Machine 1 - Lapping | D8: =IF(Production_Eventlog!$L8=1,Production_Eventlog!G8) -> 10 | E8: =IF(Production_Eventlog!$L8=1,Production_Eventlog!H8) -> Cable Head
A9: =IF(Production_Eventlog!$L9=1,Production_Eventlog!A9) -> FALSE | B9: =IF(Production_Eventlog!$L9=1,Production_Eventlog!B9) -> FALSE | C9: =IF(Production_Eventlog!$L9=1,Production_Eventlog!C9) -> FALSE | D9: =IF(Production_Eventlog!$L9=1,Production_Eventlog!G9) -> FALSE | E9: =IF(Production_Eventlog!$L9=1,Production_Eventlog!H9) -> FALSE
A10: =IF(Production_Eventlog!$L10=1,Production_Eventlog!A10) -> FALSE | B10: =IF(Production_Eventlog!$L10=1,Production_Eventlog!B10) -> FALSE | C10: =IF(Production_Eventlog!$L10=1,Production_Eventlog!C10) -> FALSE | D10: =IF(Production_Eventlog!$L10=1,Production_Eventlog!G10) -> FALSE | E10: =IF(Production_Eventlog!$L10=1,Production_Eventlog!H10) -> FALSE
A11: =IF(Production_Eventlog!$L11=1,Production_Eventlog!A11) -> FALSE | B11: =IF(Production_Eventlog!$L11=1,Production_Eventlog!B11) -> FALSE | C11: =IF(Production_Eventlog!$L11=1,Production_Eventlog!C11) -> FALSE | D11: =IF(Production_Eventlog!$L11=1,Production_Eventlog!G11) -> FALSE | E11: =IF(Production_Eventlog!$L11=1,Production_Eventlog!H11) -> FALSE
A12: =IF(Production_Eventlog!$L12=1,Production_Eventlog!A12) -> Case 1 | B12: =IF(Production_Eventlog!$L12=1,Production_Eventlog!B12) -> Round Grinding | C12: =IF(Production_Eventlog!$L12=1,Production_Eventlog!C12) -> Machine 3 - Round Grinding | D12: =IF(Production_Eventlog!$L12=1,Production_Eventlog!G12) -> 10 | E12: =IF(Production_Eventlog!$L12=1,Production_Eventlog!H12) -> Cable Head
A13: =IF(Production_Eventlog!$L13=1,Production_Eventlog!A13) -> FALSE | B13: =IF(Production_Eventlog!$L13=1,Production_Eventlog!B13) -> FALSE | C13: =IF(Production_Eventlog!$L13=1,Production_Eventlog!C13) -> FALSE | D13: =IF(Production_Eventlog!$L13=1,Production_Eventlog!G13) -> FALSE | E13: =IF(Production_Eventlog!$L13=1,Production_Eventlog!H13) -> FALSE
... A4544: =IF(Production_Eventlog!$L4544=1,Production_Eventlog!A4544) -> Case 99 | B4544: =IF(Production_Eventlog!$L4544=1,Production_Eventlog!B4544) -> Packing | C4544: =IF(Production_Eventlog!$L4544=1,Production_Eventlog!C4544) -> Packing | D4544: =IF(Production_Eventlog!$L4544=1,Production_Eventlog!G4544) -> 507 | E4544: =IF(Production_Eventlog!$L4544=1,Production_Eventlog!H4544) -> Drill

Sheet Production_Eventlog2
A1: Case ID | B1: Activity | C1: Resource | D1: StartTimestamp | E1: CompleteTimestamp | F1: Span | G1: WorkOrderQuantity | H1: PartDescription | I1: Worker ID | J1: QuantityCompleted | K1: QuantityRejected | L1: Will stay?
A2: Case 1 | B2: Turning & Milling | C2: Machine 4 - Turning & Milling | D2: 2012/01/29 23:24:00.000 | E2: 2012/01/30 05:43:00.000 | G2: 10 | H2: Cable Head | I2: ID4932 | J2: 1 | K2: 0 | L2: =1 -> 1
A3: Case 1 | B3: Turning & Milling | C3: Machine 4 - Turning & Milling | D3: 2012/01/30 05:44:00.000 | E3: 2012/01/30 06:42:00.000 | G3: 10 | H3: Cable Head | I3: ID4932 | J3: 1 | K3: 0 | L3: =IF(AND(B3=B2,A3=A2),0,1) -> 0
A4: Case 1 | B4: Turning & Milling | C4: Machine 4 - Turning & Milling | D4: 2012/01/30 06:59:00.000 | E4: 2012/01/30 07:21:00.000 | G4: 10 | H4: Cable Head | I4: ID4167 | J4: 0 | K4: 0 | L4: =IF(AND(B4=B3,A4=A3),0,1) -> 0
A5: Case 1 | B5: Turning & Milling | C5: Machine 4 - Turning & Milling | D5: 2012/01/30 07:21:00.000 | E5: 2012/01/30 10:58:00.000 | G5: 10 | H5: Cable Head | I5: ID4167 | J5: 8 | K5: 0 | L5: =IF(AND(B5=B4,A5=A4),0,1) -> 0
A6: Case 1 | B6: Turning & Milling Quality Control | C6: Quality Check 1 | D6: 2012/01/31 13:20:00.000 | E6: 2012/01/31 14:50:00.000 | G6: 10 | H6: Cable Head | I6: ID4163 | J6: 9 | K6: 1 | L6: =IF(AND(B6=B5,A6=A5),0,1) -> 1
A7: Case 1 | B7: Laser Marking | C7: Machine 7- Laser Marking | D7: 2012/02/01 08:18:00.000 | E7: 2012/02/01 08:27:00.000 | G7: 10 | H7: Cable Head | I7: ID0998 | J7: 9 | K7: 0 | L7: =IF(AND(B7=B6,A7=A6),0,1) -> 1
A8: Case 1 | B8: Lapping | C8: Machine 1 - Lapping | D8: 2012/02/14 00:00:00.000 | E8: 2012/02/14 01:15:00.000 | G8: 10 | H8: Cable Head | I8: ID4882 | J8: 0 | K8: 0 | L8: =IF(AND(B8=B7,A8=A7),0,1) -> 1
A9: Case 1 | B9: Lapping | C9: Machine 1 - Lapping | D9: 2012/02/14 00:00:00.000 | E9: 2012/02/14 01:15:00.000 | G9: 10 | H9: Cable Head | I9: ID4882 | J9: 0 | K9: 0 | L9: =IF(AND(B9=B8,A9=A8),0,1) -> 0
A10: Case 1 | B10: Lapping | C10: Machine 1 - Lapping | D10: 2012/02/14 09:05:00.000 | E10: 2012/02/14 10:20:00.000 | G10: 10 | H10: Cable Head | I10: ID4882 | J10: 1 | K10: 0 | L10: =IF(AND(B10=B9,A10=A9),0,1) -> 0
A11: Case 1 | B11: Lapping | C11: Machine 1 - Lapping | D11: 2012/02/14 09:05:00.000 | E11: 2012/02/14 09:38:00.000 | G11: 10 | H11: Cable Head | I11: ID4882 | J11: 8 | K11: 0 | L11: =IF(AND(B11=B10,A11=A10),0,1) -> 0
A12: Case 1 | B12: Round Grinding | C12: Machine 3 - Round Grinding | D12: 2012/02/14 09:13:00.000 | E12: 2012/02/14 13:37:00.000 | G12: 10 | H12: Cable Head | I12: ID4445 | J12: 0 | K12: 0 | L12: =IF(AND(B12=B11,A12=A11),0,1) -> 1
A13: Case 1 | B13: Round Grinding | C13: Machine 3 - Round Grinding | D13: 2012/02/14 13:37:00.000 | E13: 2012/02/14 15:27:00.000 | G13: 10 | H13: Cable Head | I13: ID4445 | J13: 9 | K13: 0 | L13: =IF(AND(B13=B12,A13=A12),0,1) -> 0
A14: Case 1 | B14: Final Inspection Quality Control | C14: Quality Check 1 | D14: 2012/02/16 06:59:00.000 | E14: 2012/02/16 07:59:00.000 | G14: 10 | H14: Cable Head | I14: ID4493 | J14: 0 | K14: 0 | L14: =IF(AND(B14=B13,A14=A13),0,1) -> 1
... A4544: Case 99 | B4544: Packing | C4544: Packing | D4544: 2012/03/30 00:00:00.000 | E4544: 2012/03/30 01:00:00.000 | G4544: 507 | H4544: Drill | I4544: ID4820 | J4544: 160 | K4544: 0 | L4544: =IF(AND(B4544=B4543,A4544=A4543),0,1) -> 1

Sheet Production_Eventlog_Simp2
A1: Case ID | B1: Activity | C1: Resource | D1: WorkOrderQuantity | E1: PartDescription
A2: =IF(Production_Eventlog2!$L2=1,Production_Eventlog2!A2) -> Case 1 | B2: =IF(Production_Eventlog2!$L2=1,Production_Eventlog2!B2) -> Turning & Milling | C2: =IF(Production_Eventlog2!$L2=1,Production_Eventlog2!C2) -> Machine 4 - Turning & Milling | D2: =IF(Production_Eventlog2!$L2=1,Production_Eventlog2!G2) -> 10 | E2: =IF(Production_Eventlog2!$L2=1,Production_Eventlog2!H2) -> Cable Head
A3: =IF(Production_Eventlog2!$L3=1,Production_Eventlog2!A3) -> FALSE | B3: =IF(Production_Eventlog2!$L3=1,Production_Eventlog2!B3) -> FALSE | C3: =IF(Production_Eventlog2!$L3=1,Production_Eventlog2!C3) -> FALSE | D3: =IF(Production_Eventlog2!$L3=1,Production_Eventlog2!G3) -> FALSE | E3: =IF(Production_Eventlog2!$L3=1,Production_Eventlog2!H3) -> FALSE
A4: =IF(Production_Eventlog2!$L4=1,Production_Eventlog2!A4) -> FALSE | B4: =IF(Production_Eventlog2!$L4=1,Production_Eventlog2!B4) -> FALSE | C4: =IF(Production_Eventlog2!$L4=1,Production_Eventlog2!C4) -> FALSE | D4: =IF(Production_Eventlog2!$L4=1,Production_Eventlog2!G4) -> FALSE | E4: =IF(Production_Eventlog2!$L4=1,Production_Eventlog2!H4) -> FALSE
A5: =IF(Production_Eventlog2!$L5=1,Production_Eventlog2!A5) -> FALSE | B5: =IF(Production_Eventlog2!$L5=1,Production_Eventlog2!B5) -> FALSE | C5: =IF(Production_Eventlog2!$L5=1,Production_Eventlog2!C5) -> FALSE | D5: =IF(Production_Eventlog2!$L5=1,Production_Eventlog2!G5) -> FALSE | E5: =IF(Production_Eventlog2!$L5=1,Production_Eventlog2!H5) -> FALSE
A6: =IF(Production_Eventlog2!$L6=1,Production_Eventlog2!A6) -> Case 1 | B6: =IF(Production_Eventlog2!$L6=1,Production_Eventlog2!B6) -> Turning & Milling Quality Control | C6: =IF(Production_Eventlog2!$L6=1,Production_Eventlog2!C6) -> Quality Check 1 | D6: =IF(Production_Eventlog2!$L6=1,Production_Eventlog2!G6) -> 10 | E6: =IF(Production_Eventlog2!$L6=1,Production_Eventlog2!H6) -> Cable Head
A7: =IF(Production_Eventlog2!$L7=1,Production_Eventlog2!A7) -> Case 1 | B7: =IF(Production_Eventlog2!$L7=1,Production_Eventlog2!B7) -> Laser Marking | C7: =IF(Production_Eventlog2!$L7=1,Production_Eventlog2!C7) -> Machine 7- Laser Marking | D7: =IF(Production_Eventlog2!$L7=1,Production_Eventlog2!G7) -> 10 | E7: =IF(Production_Eventlog2!$L7=1,Production_Eventlog2!H7) -> Cable Head
A8: =IF(Production_Eventlog2!$L8=1,Production_Eventlog2!A8) -> Case 1 | B8: =IF(Production_Eventlog2!$L8=1,Production_Eventlog2!B8) -> Lapping | C8: =IF(Production_Eventlog2!$L8=1,Production_Eventlog2!C8) -> Machine 1 - Lapping | D8: =IF(Production_Eventlog2!$L8=1,Production_Eventlog2!G8) -> 10 | E8: =IF(Production_Eventlog2!$L8=1,Production_Eventlog2!H8) -> Cable Head
A9: =IF(Production_Eventlog2!$L9=1,Production_Eventlog2!A9) -> FALSE | B9: =IF(Production_Eventlog2!$L9=1,Production_Eventlog2!B9) -> FALSE | C9: =IF(Production_Eventlog2!$L9=1,Production_Eventlog2!C9) -> FALSE | D9: =IF(Production_Eventlog2!$L9=1,Production_Eventlog2!G9) -> FALSE | E9: =IF(Production_Eventlog2!$L9=1,Production_Eventlog2!H9) -> FALSE
A10: =IF(Production_Eventlog2!$L10=1,Production_Eventlog2!A10) -> FALSE | B10: =IF(Production_Eventlog2!$L10=1,Production_Eventlog2!B10) -> FALSE | C10: =IF(Production_Eventlog2!$L10=1,Production_Eventlog2!C10) -> FALSE | D10: =IF(Production_Eventlog2!$L10=1,Production_Eventlog2!G10) -> FALSE | E10: =IF(Production_Eventlog2!$L10=1,Production_Eventlog2!H10) -> FALSE
A11: =IF(Production_Eventlog2!$L11=1,Production_Eventlog2!A11) -> FALSE | B11: =IF(Production_Eventlog2!$L11=1,Production_Eventlog2!B11) -> FALSE | C11: =IF(Production_Eventlog2!$L11=1,Production_Eventlog2!C11) -> FALSE | D11: =IF(Production_Eventlog2!$L11=1,Production_Eventlog2!G11) -> FALSE | E11: =IF(Production_Eventlog2!$L11=1,Production_Eventlog2!H11) -> FALSE
A12: =IF(Production_Eventlog2!$L12=1,Production_Eventlog2!A12) -> Case 1 | B12: =IF(Production_Eventlog2!$L12=1,Production_Eventlog2!B12) -> Round Grinding | C12: =IF(Production_Eventlog2!$L12=1,Production_Eventlog2!C12) -> Machine 3 - Round Grinding | D12: =IF(Production_Eventlog2!$L12=1,Production_Eventlog2!G12) -> 10 | E12: =IF(Production_Eventlog2!$L12=1,Production_Eventlog2!H12) -> Cable Head
A13: =IF(Production_Eventlog2!$L13=1,Production_Eventlog2!A13) -> FALSE | B13: =IF(Production_Eventlog2!$L13=1,Production_Eventlog2!B13) -> FALSE | C13: =IF(Production_Eventlog2!$L13=1,Production_Eventlog2!C13) -> FALSE | D13: =IF(Production_Eventlog2!$L13=1,Production_Eventlog2!G13) -> FALSE | E13: =IF(Production_Eventlog2!$L13=1,Production_Eventlog2!H13) -> FALSE
... A4544: =IF(Production_Eventlog2!$L4544=1,Production_Eventlog2!A4544) -> Case 99 | B4544: =IF(Production_Eventlog2!$L4544=1,Production_Eventlog2!B4544) -> Packing | C4544: =IF(Production_Eventlog2!$L4544=1,Production_Eventlog2!C4544) -> Packing | D4544: =IF(Production_Eventlog2!$L4544=1,Production_Eventlog2!G4544) -> 507 | E4544: =IF(Production_Eventlog2!$L4544=1,Production_Eventlog2!H4544) -> Drill
